round,accuracy,loss,total_energy,total_time,fairness
1,49.1,1.8134885040283204,74.0156357449319,71.79475372134853,0.0
2,89.22,0.37321343238353727,48.77840232981853,69.44968270799829,0.4714045207910317
3,92.46,0.26445825122594835,41.86749219433983,60.162622013954305,0.4714045207910317
4,93.88,0.20671465237140654,44.21352953989135,62.97642754973783,0.4714045207910317
5,95.05,0.16400298887491227,40.22670800880688,58.34521794070268,0.4714045207910317
